ID,Filename,Label
1,1.jpeg,4171
2,2.jpeg,4120
3,3.jpeg,4404
4,4.jpeg,4135
5,5.jpeg,4138
6,6.jpeg,4151
7,7.jpeg,4122
8,8.jpeg,4134
9,9.jpeg,4173
10,10.jpeg,4179
11,11.jpeg,4174
12,12.jpeg,4139
13,13.jpeg,4158
14,14.jpeg,4103
15,15.jpeg,4176
16,16.jpeg,4173
17,17.jpeg,4132
18,18.jpeg,4140
19,19.jpeg,4118
20,20.jpeg,4170
21,21.jpeg,4108
22,22.jpeg,4180
23,23.jpeg,4166
24,24.jpeg,4120
25,25.jpeg,4121
26,26.jpeg,4111
27,27.jpeg,4129
28,28.jpeg,4140
29,29.jpeg,4117
30,30.jpeg,4121
31,31.jpeg,4126
32,32.jpeg,4110
33,33.jpeg,4174
34,34.jpeg,4118
35,35.jpeg,4158
36,36.jpeg,4157
37,37.jpeg,4136
38,38.jpeg,4122
39,39.jpeg,4155
40,40.jpeg,4179
41,41.jpeg,4173
42,42.jpeg,4111
43,43.jpeg,4127
44,44.jpeg,4174
45,45.jpeg,4138
46,46.jpeg,4122
47,47.jpeg,4155
48,48.jpeg,4153
49,49.jpeg,4106
50,50.jpeg,4134
51,51.jpeg,4139
52,52.jpeg,4162
53,53.jpeg,4166
54,54.jpeg,4120
55,55.jpeg,4159
56,56.jpeg,4124
57,57.jpeg,4178
58,58.jpeg,4117
59,59.jpeg,4180
60,60.jpeg,4132
61,61.jpeg,4143
62,62.jpeg,4166
63,63.jpeg,4122
64,64.jpeg,4140
65,65.jpeg,4120
66,66.jpeg,4111
67,67.jpeg,4138
68,68.jpeg,4158
69,69.jpeg,4177
70,70.jpeg,4117
71,71.jpeg,4162
72,72.jpeg,4179
73,73.jpeg,4118
74,74.jpeg,4126
75,75.jpeg,4178
76,76.jpeg,4173
77,77.jpeg,4161
78,78.jpeg,4113
79,79.jpeg,4129
80,80.jpeg,4139
81,81.jpeg,4132
82,82.jpeg,4139
83,83.jpeg,4140
84,84.jpeg,4161
85,85.jpeg,4121
86,86.jpeg,4155
87,87.jpeg,4106
88,88.jpeg,4129
89,89.jpeg,4107
90,90.jpeg,4104
91,91.jpeg,4117
92,92.jpeg,4158
93,93.jpeg,4127
94,94.jpeg,4179
95,95.jpeg,4134
96,96.jpeg,4113
97,97.jpeg,4135
98,98.jpeg,4124
99,99.jpeg,4159
100,100.jpeg,4136
101,101.jpeg,9764
102,102.jpeg,9742
103,103.jpeg,9771
104,104.jpeg,9728
105,105.jpeg,9783
106,106.jpeg,9765
107,107.jpeg,9710
108,108.jpeg,9717
109,109.jpeg,9760
110,110.jpeg,9729
111,111.jpeg,9722
112,112.jpeg,9773
113,113.jpeg,9746
114,114.jpeg,9763
115,115.jpeg,9784
116,116.jpeg,9762
117,117.jpeg,9792
118,118.jpeg,9739
119,119.jpeg,9798
120,120.jpeg,9794
121,121.jpeg,9738
122,122.jpeg,9749
123,123.jpeg,9722
124,124.jpeg,9721
125,125.jpeg,9718
126,126.jpeg,9795
127,127.jpeg,9778
128,128.jpeg,9791
129,129.jpeg,9736
130,130.jpeg,9776
131,131.jpeg,9707
132,132.jpeg,9780
133,133.jpeg,9778
134,134.jpeg,9745
135,135.jpeg,9759
136,136.jpeg,9762
137,137.jpeg,9734
138,138.jpeg,9706
139,139.jpeg,9799
140,140.jpeg,9730
141,141.jpeg,9747
142,142.jpeg,9718
143,143.jpeg,9791
144,144.jpeg,9717
145,145.jpeg,9773
146,146.jpeg,9742
147,147.jpeg,9786
148,148.jpeg,9784
149,149.jpeg,9728
150,150.jpeg,9730
151,151.jpeg,9749
152,152.jpeg,9792
153,153.jpeg,9708
154,154.jpeg,9798
155,155.jpeg,9765
156,156.jpeg,9770
157,157.jpeg,9799
158,158.jpeg,9794
159,159.jpeg,9725
160,160.jpeg,9729
161,161.jpeg,9724
162,162.jpeg,9760
163,163.jpeg,9739
164,164.jpeg,9729
165,165.jpeg,9728
166,166.jpeg,9765
167,167.jpeg,9792
168,168.jpeg,9722
169,169.jpeg,9706
170,170.jpeg,9759
171,171.jpeg,9742
172,172.jpeg,9707
173,173.jpeg,9798
174,174.jpeg,9776
175,175.jpeg,9721
176,176.jpeg,9797
177,177.jpeg,9764
178,178.jpeg,9780
179,179.jpeg,9747
180,180.jpeg,9794
181,181.jpeg,9051
182,182.jpeg,9042
183,183.jpeg,9054
184,184.jpeg,9095
185,185.jpeg,9017
186,186.jpeg,9048
187,187.jpeg,9038
188,188.jpeg,9094
189,189.jpeg,9070
190,190.jpeg,9014
191,191.jpeg,9090
192,192.jpeg,9100
193,193.jpeg,9053
194,194.jpeg,9045
195,195.jpeg,9099
196,196.jpeg,9089
197,197.jpeg,9022
198,198.jpeg,9029
199,199.jpeg,9001
200,200.jpeg,9046
201,201.jpeg,9028
202,202.jpeg,9044
203,203.jpeg,9039
204,204.jpeg,9091
205,205.jpeg,9064
206,206.jpeg,9075
207,207.jpeg,9074
208,208.jpeg,9021
209,209.jpeg,9055
210,210.jpeg,9002
211,211.jpeg,9010
212,212.jpeg,9041
213,213.jpeg,9080
214,214.jpeg,9031
215,215.jpeg,9011
216,216.jpeg,9030
217,217.jpeg,9023
218,218.jpeg,9093
219,219.jpeg,9087
220,220.jpeg,9071
221,221.jpeg,9058
222,222.jpeg,9036
223,223.jpeg,9020
224,224.jpeg,9027
225,225.jpeg,9057
226,226.jpeg,9050
227,227.jpeg,9041
228,228.jpeg,9097
229,229.jpeg,9017
230,230.jpeg,9004
231,231.jpeg,9016
232,232.jpeg,9047
233,233.jpeg,9025
234,234.jpeg,9049
235,235.jpeg,9067
236,236.jpeg,9074
237,237.jpeg,9017
238,238.jpeg,9085
239,239.jpeg,9062
240,240.jpeg,9096
241,241.jpeg,9030
242,242.jpeg,9022
243,243.jpeg,9077
244,244.jpeg,9099
245,245.jpeg,9001
246,246.jpeg,9031
247,247.jpeg,9005
248,248.jpeg,9082
249,249.jpeg,9012
250,250.jpeg,9068
251,251.jpeg,9091
252,252.jpeg,9084
253,253.jpeg,9038
254,254.jpeg,9024
255,255.jpeg,9032
256,256.jpeg,9071
257,257.jpeg,9075
258,258.jpeg,9054
259,259.jpeg,9010
260,260.jpeg,9089
261,261.jpeg,9090
262,262.jpeg,9037
263,263.jpeg,9063
264,264.jpeg,9042
265,265.jpeg,9080
266,266.jpeg,9015
267,267.jpeg,9093
268,268.jpeg,9034
269,269.jpeg,9016
270,270.jpeg,9002
271,271.jpeg,9070
272,272.jpeg,9095
273,273.jpeg,9100
274,274.jpeg,9053
275,275.jpeg,9049
276,276.jpeg,9025
277,277.jpeg,9087
278,278.jpeg,9039
279,279.jpeg,9051
280,280.jpeg,9043
281,281.jpeg,4272
282,282.jpeg,9202
283,283.jpeg,9244
284,284.jpeg,9242
285,285.jpeg,9220
286,286.jpeg,9240
287,287.jpeg,9218
288,288.jpeg,9259
289,289.jpeg,9217
290,290.jpeg,9258
291,291.jpeg,9247
292,292.jpeg,9232
293,293.jpeg,9286
294,294.jpeg,9217
295,295.jpeg,9289
296,296.jpeg,9264
297,297.jpeg,9224
298,298.jpeg,9222
299,299.jpeg,9221
300,300.jpeg,9274
301,301.jpeg,9262
302,302.jpeg,9276
303,303.jpeg,9209
304,304.jpeg,9287
305,305.jpeg,9267
306,306.jpeg,9213
307,307.jpeg,9269
308,308.jpeg,9300
309,309.jpeg,9240
310,310.jpeg,9279
311,311.jpeg,9252
312,312.jpeg,9230
313,313.jpeg,9237
314,314.jpeg,9241
315,315.jpeg,9299
316,316.jpeg,9235
317,317.jpeg,9383
318,318.jpeg,9212
319,319.jpeg,9272
320,320.jpeg,9206
321,321.jpeg,9255
322,322.jpeg,9258
323,323.jpeg,9280
324,324.jpeg,9286
325,325.jpeg,9214
326,326.jpeg,9203
327,327.jpeg,9204
328,328.jpeg,9295
329,329.jpeg,9297
330,330.jpeg,9259
331,331.jpeg,9250
332,332.jpeg,9208
333,333.jpeg,9205
334,334.jpeg,9221
335,335.jpeg,9296
336,336.jpeg,9247
337,337.jpeg,9298
338,338.jpeg,9292
339,339.jpeg,9256
340,340.jpeg,9246
341,341.jpeg,9225
342,342.jpeg,9233
343,343.jpeg,9248
344,344.jpeg,9271
345,345.jpeg,9218
346,346.jpeg,9220
347,347.jpeg,9287
348,348.jpeg,9276
349,349.jpeg,9232
350,350.jpeg,9260
351,351.jpeg,9229
352,352.jpeg,9231
353,353.jpeg,9237
354,354.jpeg,9289
355,355.jpeg,9239
356,356.jpeg,9267
357,357.jpeg,9240
358,358.jpeg,9253
359,359.jpeg,9227
360,360.jpeg,9241
361,361.jpeg,9282
362,362.jpeg,9288
363,363.jpeg,9202
364,364.jpeg,9232
365,365.jpeg,9235
366,366.jpeg,9245
367,367.jpeg,9209
368,368.jpeg,9269
369,369.jpeg,9212
370,370.jpeg,9278
371,371.jpeg,9213
372,372.jpeg,9224
373,373.jpeg,9300
374,374.jpeg,9262
375,375.jpeg,9265
376,376.jpeg,9246
377,377.jpeg,9238
378,378.jpeg,9223
379,379.jpeg,9299
380,380.jpeg,9272
381,381.jpeg,4171
382,382.jpeg,4120
383,383.jpeg,4404
384,384.jpeg,4135
385,385.jpeg,4138
386,386.jpeg,4151
387,387.jpeg,4122
388,388.jpeg,4134
389,389.jpeg,4173
390,390.jpeg,4179
391,391.jpeg,4174
392,392.jpeg,4139
393,393.jpeg,4158
394,394.jpeg,4103
395,395.jpeg,4176
396,396.jpeg,4173
397,397.jpeg,4132
398,398.jpeg,4140
399,399.jpeg,4118
400,400.jpeg,4170
401,401.jpeg,4108
402,402.jpeg,4180
403,403.jpeg,4166
404,404.jpeg,4120
405,405.jpeg,4121
406,406.jpeg,4111
407,407.jpeg,4129
408,408.jpeg,4140
409,409.jpeg,4117
410,410.jpeg,4121
411,411.jpeg,4126
412,412.jpeg,4110
413,413.jpeg,4174
414,414.jpeg,4118
415,415.jpeg,4158
416,416.jpeg,4157
417,417.jpeg,4136
418,418.jpeg,4122
419,419.jpeg,4155
420,420.jpeg,4179
421,421.jpeg,4173
422,422.jpeg,4111
423,423.jpeg,4127
424,424.jpeg,4174
425,425.jpeg,4138
426,426.jpeg,4122
427,427.jpeg,4155
428,428.jpeg,4153
429,429.jpeg,4106
430,430.jpeg,4134
431,431.jpeg,4139
432,432.jpeg,4162
433,433.jpeg,4166
434,434.jpeg,4120
435,435.jpeg,4159
436,436.jpeg,4124
437,437.jpeg,4178
438,438.jpeg,4117
439,439.jpeg,4180
440,440.jpeg,4132
441,441.jpeg,4143
442,442.jpeg,4166
443,443.jpeg,4122
444,444.jpeg,4140
445,445.jpeg,4120
446,446.jpeg,4111
447,447.jpeg,4138
448,448.jpeg,4158
449,449.jpeg,4177
450,450.jpeg,4117
451,451.jpeg,4162
452,452.jpeg,4179
453,453.jpeg,4118
454,454.jpeg,4126
455,455.jpeg,4178
456,456.jpeg,4173
457,457.jpeg,4161
458,458.jpeg,4113
459,459.jpeg,4129
460,460.jpeg,4139
461,461.jpeg,4132
462,462.jpeg,4139
463,463.jpeg,4140
464,464.jpeg,4161
465,465.jpeg,4121
466,466.jpeg,4155
467,467.jpeg,4106
468,468.jpeg,4129
469,469.jpeg,4107
470,470.jpeg,4104
471,471.jpeg,4117
472,472.jpeg,4158
473,473.jpeg,4127
474,474.jpeg,4179
475,475.jpeg,4134
476,476.jpeg,4113
477,477.jpeg,4135
478,478.jpeg,4124
479,479.jpeg,4159
480,480.jpeg,4136
481,481.jpeg,9764
482,482.jpeg,9742
483,483.jpeg,9771
484,484.jpeg,9728
485,485.jpeg,9783
486,486.jpeg,9765
487,487.jpeg,9710
488,488.jpeg,9717
489,489.jpeg,9760
490,490.jpeg,9729
491,491.jpeg,9722
492,492.jpeg,9773
493,493.jpeg,9746
494,494.jpeg,9763
495,495.jpeg,9784
496,496.jpeg,9762
497,497.jpeg,9792
498,498.jpeg,9739
499,499.jpeg,9798
500,500.jpeg,9794
501,501.jpeg,9738
502,502.jpeg,9749
503,503.jpeg,9722
504,504.jpeg,9721
505,505.jpeg,9718
506,506.jpeg,9795
507,507.jpeg,9778
508,508.jpeg,9791
509,509.jpeg,9736
510,510.jpeg,9776
511,511.jpeg,9707
512,512.jpeg,9780
513,513.jpeg,9778
514,514.jpeg,9745
515,515.jpeg,9759
516,516.jpeg,9762
517,517.jpeg,9734
518,518.jpeg,9706
519,519.jpeg,9799
520,520.jpeg,9730
521,521.jpeg,9747
522,522.jpeg,9718
523,523.jpeg,9791
524,524.jpeg,9717
525,525.jpeg,9773
526,526.jpeg,9742
527,527.jpeg,9786
528,528.jpeg,9784
529,529.jpeg,9728
530,530.jpeg,9730
531,531.jpeg,9749
532,532.jpeg,9792
533,533.jpeg,9708
534,534.jpeg,9798
535,535.jpeg,9765
536,536.jpeg,9770
537,537.jpeg,9799
538,538.jpeg,9794
539,539.jpeg,9725
540,540.jpeg,9729
541,541.jpeg,9724
542,542.jpeg,9760
543,543.jpeg,9739
544,544.jpeg,9729
545,545.jpeg,9728
546,546.jpeg,9765
547,547.jpeg,9792
548,548.jpeg,9722
549,549.jpeg,9706
550,550.jpeg,9759
551,551.jpeg,9742
552,552.jpeg,9707
553,553.jpeg,9798
554,554.jpeg,9776
555,555.jpeg,9721
556,556.jpeg,9797
557,557.jpeg,9764
558,558.jpeg,9780
559,559.jpeg,9747
560,560.jpeg,9794
561,561.jpeg,9051
562,562.jpeg,9042
563,563.jpeg,9054
564,564.jpeg,9095
565,565.jpeg,9017
566,566.jpeg,9048
567,567.jpeg,9038
568,568.jpeg,9094
569,569.jpeg,9070
570,570.jpeg,9014
571,571.jpeg,9090
572,572.jpeg,9100
573,573.jpeg,9053
574,574.jpeg,9045
575,575.jpeg,9099
576,576.jpeg,9089
577,577.jpeg,9022
578,578.jpeg,9029
579,579.jpeg,9001
580,580.jpeg,9046
581,581.jpeg,9028
582,582.jpeg,9044
583,583.jpeg,9039
584,584.jpeg,9091
585,585.jpeg,9064
586,586.jpeg,9075
587,587.jpeg,9074
588,588.jpeg,9021
589,589.jpeg,9055
590,590.jpeg,9002
591,591.jpeg,9010
592,592.jpeg,9041
593,593.jpeg,9080
594,594.jpeg,9031
595,595.jpeg,9011
596,596.jpeg,9030
597,597.jpeg,9023
598,598.jpeg,9093
599,599.jpeg,9087
600,600.jpeg,9071
601,601.jpeg,9058
602,602.jpeg,9036
603,603.jpeg,9020
604,604.jpeg,9027
605,605.jpeg,9057
606,606.jpeg,9050
607,607.jpeg,9041
608,608.jpeg,9097
609,609.jpeg,9017
610,610.jpeg,9004
611,611.jpeg,9016
612,612.jpeg,9047
613,613.jpeg,9025
614,614.jpeg,9049
615,615.jpeg,9067
616,616.jpeg,9074
617,617.jpeg,9017
618,618.jpeg,9085
619,619.jpeg,9062
620,620.jpeg,9096
621,621.jpeg,9030
622,622.jpeg,9022
623,623.jpeg,9077
624,624.jpeg,9099
625,625.jpeg,9001
626,626.jpeg,9031
627,627.jpeg,9005
628,628.jpeg,9082
629,629.jpeg,9012
630,630.jpeg,9068
631,631.jpeg,9091
632,632.jpeg,9084
633,633.jpeg,9038
634,634.jpeg,9024
635,635.jpeg,9032
636,636.jpeg,9071
637,637.jpeg,9075
638,638.jpeg,9054
639,639.jpeg,9010
640,640.jpeg,9089
641,641.jpeg,9090
642,642.jpeg,9037
643,643.jpeg,9063
644,644.jpeg,9042
645,645.jpeg,9080
646,646.jpeg,9015
647,647.jpeg,9093
648,648.jpeg,9034
649,649.jpeg,9016
650,650.jpeg,9002
651,651.jpeg,9070
652,652.jpeg,9095
653,653.jpeg,9100
654,654.jpeg,9053
655,655.jpeg,9049
656,656.jpeg,9025
657,657.jpeg,9087
658,658.jpeg,9039
659,659.jpeg,9051
660,660.jpeg,9043
661,661.jpeg,4272
662,662.jpeg,9202
663,663.jpeg,9244
664,664.jpeg,9242
665,665.jpeg,9220
666,666.jpeg,9240
667,667.jpeg,9218
668,668.jpeg,9259
669,669.jpeg,9217
670,670.jpeg,9258
671,671.jpeg,9247
672,672.jpeg,9232
673,673.jpeg,9286
674,674.jpeg,9217
675,675.jpeg,9289
676,676.jpeg,9264
677,677.jpeg,9224
678,678.jpeg,9222
679,679.jpeg,9221
680,680.jpeg,9274
681,681.jpeg,9262
682,682.jpeg,9276
683,683.jpeg,9209
684,684.jpeg,9287
685,685.jpeg,9267
686,686.jpeg,9213
687,687.jpeg,9269
688,688.jpeg,9300
689,689.jpeg,9240
690,690.jpeg,9279
691,691.jpeg,9252
692,692.jpeg,9230
693,693.jpeg,9237
694,694.jpeg,9241
695,695.jpeg,9299
696,696.jpeg,9235
697,697.jpeg,9383
698,698.jpeg,9212
699,699.jpeg,9272
700,700.jpeg,9206
701,701.jpeg,9255
702,702.jpeg,9258
703,703.jpeg,9280
704,704.jpeg,9286
705,705.jpeg,9214
706,706.jpeg,9203
707,707.jpeg,9204
708,708.jpeg,9295
709,709.jpeg,9297
710,710.jpeg,9259
711,711.jpeg,9250
712,712.jpeg,9208
713,713.jpeg,9205
714,714.jpeg,9221
715,715.jpeg,9296
716,716.jpeg,9247
717,717.jpeg,9298
718,718.jpeg,9292
719,719.jpeg,9256
720,720.jpeg,9246
721,721.jpeg,9225
722,722.jpeg,9233
723,723.jpeg,9248
724,724.jpeg,9271
725,725.jpeg,9218
726,726.jpeg,9220
727,727.jpeg,9287
728,728.jpeg,9276
729,729.jpeg,9232
730,730.jpeg,9260
731,731.jpeg,9229
732,732.jpeg,9231
733,733.jpeg,9237
734,734.jpeg,9289
735,735.jpeg,9239
736,736.jpeg,9267
737,737.jpeg,9240
738,738.jpeg,9253
739,739.jpeg,9227
740,740.jpeg,9241
741,741.jpeg,9282
742,742.jpeg,9288
743,743.jpeg,9202
744,744.jpeg,9232
745,745.jpeg,9235
746,746.jpeg,9245
747,747.jpeg,9209
748,748.jpeg,9269
749,749.jpeg,9212
750,750.jpeg,9278
751,751.jpeg,9213
752,752.jpeg,9224
753,753.jpeg,9300
754,754.jpeg,9262
755,755.jpeg,9265
756,756.jpeg,9246
757,757.jpeg,9238
758,758.jpeg,9223
759,759.jpeg,9299
760,760.jpeg,9272
761,761.jpeg,4171
762,762.jpeg,4120
763,763.jpeg,4404
764,764.jpeg,4135
765,765.jpeg,4138
766,766.jpeg,4151
767,767.jpeg,4122
768,768.jpeg,4134
769,769.jpeg,4173
770,770.jpeg,4179
771,771.jpeg,4174
772,772.jpeg,4139
773,773.jpeg,4158
774,774.jpeg,4103
775,775.jpeg,4176
776,776.jpeg,4173
777,777.jpeg,4132
778,778.jpeg,4140
779,779.jpeg,4118
780,780.jpeg,4170
781,781.jpeg,4108
782,782.jpeg,4180
783,783.jpeg,4166
784,784.jpeg,4120
785,785.jpeg,4121
786,786.jpeg,4111
787,787.jpeg,4129
788,788.jpeg,4140
789,789.jpeg,4117
790,790.jpeg,4121
791,791.jpeg,4126
792,792.jpeg,4110
793,793.jpeg,4174
794,794.jpeg,4118
795,795.jpeg,4158
796,796.jpeg,4157
797,797.jpeg,4136
798,798.jpeg,4122
799,799.jpeg,4155
800,800.jpeg,4179
801,801.jpeg,4173
802,802.jpeg,4111
803,803.jpeg,4127
804,804.jpeg,4174
805,805.jpeg,4138
806,806.jpeg,4122
807,807.jpeg,4155
808,808.jpeg,4153
809,809.jpeg,4106
810,810.jpeg,4134
811,811.jpeg,4139
812,812.jpeg,4162
813,813.jpeg,4166
814,814.jpeg,4120
815,815.jpeg,4159
816,816.jpeg,4124
817,817.jpeg,4178
818,818.jpeg,4117
819,819.jpeg,4180
820,820.jpeg,4132
821,821.jpeg,4143
822,822.jpeg,4166
823,823.jpeg,4122
824,824.jpeg,4140
825,825.jpeg,4120
826,826.jpeg,4111
827,827.jpeg,4138
828,828.jpeg,4158
829,829.jpeg,4177
830,830.jpeg,4117
831,831.jpeg,4162
832,832.jpeg,4179
833,833.jpeg,4118
834,834.jpeg,4126
835,835.jpeg,4178
836,836.jpeg,4173
837,837.jpeg,4161
838,838.jpeg,4113
839,839.jpeg,4129
840,840.jpeg,4139
841,841.jpeg,4132
842,842.jpeg,4139
843,843.jpeg,4140
844,844.jpeg,4161
845,845.jpeg,4121
846,846.jpeg,4155
847,847.jpeg,4106
848,848.jpeg,4129
849,849.jpeg,4107
850,850.jpeg,4104
851,851.jpeg,4117
852,852.jpeg,4158
853,853.jpeg,4127
854,854.jpeg,4179
855,855.jpeg,4134
856,856.jpeg,4113
857,857.jpeg,4135
858,858.jpeg,4124
859,859.jpeg,4159
860,860.jpeg,4136
861,861.jpeg,9764
862,862.jpeg,9742
863,863.jpeg,9771
864,864.jpeg,9728
865,865.jpeg,9783
866,866.jpeg,9765
867,867.jpeg,9710
868,868.jpeg,9717
869,869.jpeg,9760
870,870.jpeg,9729
871,871.jpeg,9722
872,872.jpeg,9773
873,873.jpeg,9746
874,874.jpeg,9763
875,875.jpeg,9784
876,876.jpeg,9762
877,877.jpeg,9792
878,878.jpeg,9739
879,879.jpeg,9798
880,880.jpeg,9794
881,881.jpeg,9738
882,882.jpeg,9749
883,883.jpeg,9722
884,884.jpeg,9721
885,885.jpeg,9718
886,886.jpeg,9795
887,887.jpeg,9778
888,888.jpeg,9791
889,889.jpeg,9736
890,890.jpeg,9776
891,891.jpeg,9707
892,892.jpeg,9780
893,893.jpeg,9778
894,894.jpeg,9745
895,895.jpeg,9759
896,896.jpeg,9762
897,897.jpeg,9734
898,898.jpeg,9706
899,899.jpeg,9799
900,900.jpeg,9730
901,901.jpeg,9747
902,902.jpeg,9718
903,903.jpeg,9791
904,904.jpeg,9717
905,905.jpeg,9773
906,906.jpeg,9742
907,907.jpeg,9786
908,908.jpeg,9784
909,909.jpeg,9728
910,910.jpeg,9730
911,911.jpeg,9749
912,912.jpeg,9792
913,913.jpeg,9708
914,914.jpeg,9798
915,915.jpeg,9765
916,916.jpeg,9770
917,917.jpeg,9799
918,918.jpeg,9794
919,919.jpeg,9725
920,920.jpeg,9729
921,921.jpeg,9724
922,922.jpeg,9760
923,923.jpeg,9739
924,924.jpeg,9729
925,925.jpeg,9728
926,926.jpeg,9765
927,927.jpeg,9792
928,928.jpeg,9722
929,929.jpeg,9706
930,930.jpeg,9759
931,931.jpeg,9742
932,932.jpeg,9707
933,933.jpeg,9798
934,934.jpeg,9776
935,935.jpeg,9721
936,936.jpeg,9797
937,937.jpeg,9764
938,938.jpeg,9780
939,939.jpeg,9747
940,940.jpeg,9794
941,941.jpeg,9051
942,942.jpeg,9042
943,943.jpeg,9054
944,944.jpeg,9095
945,945.jpeg,9017
946,946.jpeg,9048
947,947.jpeg,9038
948,948.jpeg,9094
949,949.jpeg,9070
950,950.jpeg,9014
951,951.jpeg,9090
952,952.jpeg,9100
953,953.jpeg,9053
954,954.jpeg,9045
955,955.jpeg,9099
956,956.jpeg,9089
957,957.jpeg,9022
958,958.jpeg,9029
959,959.jpeg,9001
960,960.jpeg,9046
961,961.jpeg,9028
962,962.jpeg,9044
963,963.jpeg,9039
964,964.jpeg,9091
965,965.jpeg,9064
966,966.jpeg,9075
967,967.jpeg,9074
968,968.jpeg,9021
969,969.jpeg,9055
970,970.jpeg,9002
971,971.jpeg,9010
972,972.jpeg,9041
973,973.jpeg,9080
974,974.jpeg,9031
975,975.jpeg,9011
976,976.jpeg,9030
977,977.jpeg,9023
978,978.jpeg,9093
979,979.jpeg,9087
980,980.jpeg,9071
981,981.jpeg,9058
982,982.jpeg,9036
983,983.jpeg,9020
984,984.jpeg,9027
985,985.jpeg,9057
986,986.jpeg,9050
987,987.jpeg,9041
988,988.jpeg,9097
989,989.jpeg,9017
990,990.jpeg,9004
991,991.jpeg,9016
992,992.jpeg,9047
993,993.jpeg,9025
994,994.jpeg,9049
995,995.jpeg,9067
996,996.jpeg,9074
997,997.jpeg,9017
998,998.jpeg,9085
999,999.jpeg,9062
1000,1000.jpeg,9096
1001,1001.jpeg,9030
1002,1002.jpeg,9022
1003,1003.jpeg,9077
1004,1004.jpeg,9099
1005,1005.jpeg,9001
1006,1006.jpeg,9031
1007,1007.jpeg,9005
1008,1008.jpeg,9082
1009,1009.jpeg,9012
1010,1010.jpeg,9068
1011,1011.jpeg,9091
1012,1012.jpeg,9084
1013,1013.jpeg,9038
1014,1014.jpeg,9024
1015,1015.jpeg,9032
1016,1016.jpeg,9071
1017,1017.jpeg,9075
1018,1018.jpeg,9054
1019,1019.jpeg,9010
1020,1020.jpeg,9089
1021,1021.jpeg,9090
1022,1022.jpeg,9037
1023,1023.jpeg,9063
1024,1024.jpeg,9042
1025,1025.jpeg,9080
1026,1026.jpeg,9015
1027,1027.jpeg,9093
1028,1028.jpeg,9034
1029,1029.jpeg,9016
1030,1030.jpeg,9002
1031,1031.jpeg,9070
1032,1032.jpeg,9095
1033,1033.jpeg,9100
1034,1034.jpeg,9053
1035,1035.jpeg,9049
1036,1036.jpeg,9025
1037,1037.jpeg,9087
1038,1038.jpeg,9039
1039,1039.jpeg,9051
1040,1040.jpeg,9043
1041,1041.jpeg,4272
1042,1042.jpeg,9202
1043,1043.jpeg,9244
1044,1044.jpeg,9242
1045,1045.jpeg,9220
1046,1046.jpeg,9240
1047,1047.jpeg,9218
1048,1048.jpeg,9259
1049,1049.jpeg,9217
1050,1050.jpeg,9258
1051,1051.jpeg,9247
1052,1052.jpeg,9232
1053,1053.jpeg,9286
1054,1054.jpeg,9217
1055,1055.jpeg,9289
1056,1056.jpeg,9264
1057,1057.jpeg,9224
1058,1058.jpeg,9222
1059,1059.jpeg,9221
1060,1060.jpeg,9274
1061,1061.jpeg,9262
1062,1062.jpeg,9276
1063,1063.jpeg,9209
1064,1064.jpeg,9287
1065,1065.jpeg,9267
1066,1066.jpeg,9213
1067,1067.jpeg,9269
1068,1068.jpeg,9300
1069,1069.jpeg,9240
1070,1070.jpeg,9279
1071,1071.jpeg,9252
1072,1072.jpeg,9230
1073,1073.jpeg,9237
1074,1074.jpeg,9241
1075,1075.jpeg,9299
1076,1076.jpeg,9235
1077,1077.jpeg,9383
1078,1078.jpeg,9212
1079,1079.jpeg,9272
1080,1080.jpeg,9206
1081,1081.jpeg,9255
1082,1082.jpeg,9258
1083,1083.jpeg,9280
1084,1084.jpeg,9286
1085,1085.jpeg,9214
1086,1086.jpeg,9203
1087,1087.jpeg,9204
1088,1088.jpeg,9295
1089,1089.jpeg,9297
1090,1090.jpeg,9259
1091,1091.jpeg,9250
1092,1092.jpeg,9208
1093,1093.jpeg,9205
1094,1094.jpeg,9221
1095,1095.jpeg,9296
1096,1096.jpeg,9247
1097,1097.jpeg,9298
1098,1098.jpeg,9292
1099,1099.jpeg,9256
1100,1100.jpeg,9246
1101,1101.jpeg,9225
1102,1102.jpeg,9233
1103,1103.jpeg,9248
1104,1104.jpeg,9271
1105,1105.jpeg,9218
1106,1106.jpeg,9220
1107,1107.jpeg,9287
1108,1108.jpeg,9276
1109,1109.jpeg,9232
1110,1110.jpeg,9260
1111,1111.jpeg,9229
1112,1112.jpeg,9231
1113,1113.jpeg,9237
1114,1114.jpeg,9289
1115,1115.jpeg,9239
1116,1116.jpeg,9267
1117,1117.jpeg,9240
1118,1118.jpeg,9253
1119,1119.jpeg,9227
1120,1120.jpeg,9241
1121,1121.jpeg,9282
1122,1122.jpeg,9288
1123,1123.jpeg,9202
1124,1124.jpeg,9232
1125,1125.jpeg,9235
1126,1126.jpeg,9245
1127,1127.jpeg,9209
1128,1128.jpeg,9269
1129,1129.jpeg,9212
1130,1130.jpeg,9278
1131,1131.jpeg,9213
1132,1132.jpeg,9224
1133,1133.jpeg,9300
1134,1134.jpeg,9262
1135,1135.jpeg,9265
1136,1136.jpeg,9246
1137,1137.jpeg,9238
1138,1138.jpeg,9223
1139,1139.jpeg,9299
1140,1140.jpeg,9272
1141,1141.jpeg,4171
1142,1142.jpeg,4120
1143,1143.jpeg,4404
1144,1144.jpeg,4135
1145,1145.jpeg,4138
1146,1146.jpeg,4151
1147,1147.jpeg,4122
1148,1148.jpeg,4134
1149,1149.jpeg,4173
1150,1150.jpeg,4179
1151,1151.jpeg,4174
1152,1152.jpeg,4139
1153,1153.jpeg,4158
1154,1154.jpeg,4103
1155,1155.jpeg,4176
1156,1156.jpeg,4173
1157,1157.jpeg,4132
1158,1158.jpeg,4140
1159,1159.jpeg,4118
1160,1160.jpeg,4170
1161,1161.jpeg,4108
1162,1162.jpeg,4180
1163,1163.jpeg,4166
1164,1164.jpeg,4120
1165,1165.jpeg,4121
1166,1166.jpeg,4111
1167,1167.jpeg,4129
1168,1168.jpeg,4140
1169,1169.jpeg,4117
1170,1170.jpeg,4121
1171,1171.jpeg,4126
1172,1172.jpeg,4110
1173,1173.jpeg,4174
1174,1174.jpeg,4118
1175,1175.jpeg,4158
1176,1176.jpeg,4157
1177,1177.jpeg,4136
1178,1178.jpeg,4122
1179,1179.jpeg,4155
1180,1180.jpeg,4179
1181,1181.jpeg,4173
1182,1182.jpeg,4111
1183,1183.jpeg,4127
1184,1184.jpeg,4174
1185,1185.jpeg,4138
1186,1186.jpeg,4122
1187,1187.jpeg,4155
1188,1188.jpeg,4153
1189,1189.jpeg,4106
1190,1190.jpeg,4134
1191,1191.jpeg,4139
1192,1192.jpeg,4162
1193,1193.jpeg,4166
1194,1194.jpeg,4120
1195,1195.jpeg,4159
1196,1196.jpeg,4124
1197,1197.jpeg,4178
1198,1198.jpeg,4117
1199,1199.jpeg,4180
1200,1200.jpeg,4132
1201,1201.jpeg,4143
1202,1202.jpeg,4166
1203,1203.jpeg,4122
1204,1204.jpeg,4140
1205,1205.jpeg,4120
1206,1206.jpeg,4111
1207,1207.jpeg,4138
1208,1208.jpeg,4158
1209,1209.jpeg,4177
1210,1210.jpeg,4117
1211,1211.jpeg,4162
1212,1212.jpeg,4179
1213,1213.jpeg,4118
1214,1214.jpeg,4126
1215,1215.jpeg,4178
1216,1216.jpeg,4173
1217,1217.jpeg,4161
1218,1218.jpeg,4113
1219,1219.jpeg,4129
1220,1220.jpeg,4139
1221,1221.jpeg,4132
1222,1222.jpeg,4139
1223,1223.jpeg,4140
1224,1224.jpeg,4161
1225,1225.jpeg,4121
1226,1226.jpeg,4155
1227,1227.jpeg,4106
1228,1228.jpeg,4129
1229,1229.jpeg,4107
1230,1230.jpeg,4104
1231,1231.jpeg,4117
1232,1232.jpeg,4158
1233,1233.jpeg,4127
1234,1234.jpeg,4179
1235,1235.jpeg,4134
1236,1236.jpeg,4113
1237,1237.jpeg,4135
1238,1238.jpeg,4124
1239,1239.jpeg,4159
1240,1240.jpeg,4136
1241,1241.jpeg,9764
1242,1242.jpeg,9742
1243,1243.jpeg,9771
1244,1244.jpeg,9728
1245,1245.jpeg,9783
1246,1246.jpeg,9765
1247,1247.jpeg,9710
1248,1248.jpeg,9717
1249,1249.jpeg,9760
1250,1250.jpeg,9729
1251,1251.jpeg,9722
1252,1252.jpeg,9773
1253,1253.jpeg,9746
1254,1254.jpeg,9763
1255,1255.jpeg,9784
1256,1256.jpeg,9762
1257,1257.jpeg,9792
1258,1258.jpeg,9739
1259,1259.jpeg,9798
1260,1260.jpeg,9794
1261,1261.jpeg,9738
1262,1262.jpeg,9749
1263,1263.jpeg,9722
1264,1264.jpeg,9721
1265,1265.jpeg,9718
1266,1266.jpeg,9795
1267,1267.jpeg,9778
1268,1268.jpeg,9791
1269,1269.jpeg,9736
1270,1270.jpeg,9776
1271,1271.jpeg,9707
1272,1272.jpeg,9780
1273,1273.jpeg,9778
1274,1274.jpeg,9745
1275,1275.jpeg,9759
1276,1276.jpeg,9762
1277,1277.jpeg,9734
1278,1278.jpeg,9706
1279,1279.jpeg,9799
1280,1280.jpeg,9730
1281,1281.jpeg,9747
1282,1282.jpeg,9718
1283,1283.jpeg,9791
1284,1284.jpeg,9717
1285,1285.jpeg,9773
1286,1286.jpeg,9742
1287,1287.jpeg,9786
1288,1288.jpeg,9784
1289,1289.jpeg,9728
1290,1290.jpeg,9730
1291,1291.jpeg,9749
1292,1292.jpeg,9792
1293,1293.jpeg,9708
1294,1294.jpeg,9798
1295,1295.jpeg,9765
1296,1296.jpeg,9770
1297,1297.jpeg,9799
1298,1298.jpeg,9794
1299,1299.jpeg,9725
1300,1300.jpeg,9729
1301,1301.jpeg,9724
1302,1302.jpeg,9760
1303,1303.jpeg,9739
1304,1304.jpeg,9729
1305,1305.jpeg,9728
1306,1306.jpeg,9765
1307,1307.jpeg,9792
1308,1308.jpeg,9722
1309,1309.jpeg,9706
1310,1310.jpeg,9759
1311,1311.jpeg,9742
1312,1312.jpeg,9707
1313,1313.jpeg,9798
1314,1314.jpeg,9776
1315,1315.jpeg,9721
1316,1316.jpeg,9797
1317,1317.jpeg,9764
1318,1318.jpeg,9780
1319,1319.jpeg,9747
1320,1320.jpeg,9794
1321,1321.jpeg,9051
1322,1322.jpeg,9042
1323,1323.jpeg,9054
1324,1324.jpeg,9095
1325,1325.jpeg,9017
1326,1326.jpeg,9048
1327,1327.jpeg,9038
1328,1328.jpeg,9094
1329,1329.jpeg,9070
1330,1330.jpeg,9014
1331,1331.jpeg,9090
1332,1332.jpeg,9100
1333,1333.jpeg,9053
1334,1334.jpeg,9045
1335,1335.jpeg,9099
1336,1336.jpeg,9089
1337,1337.jpeg,9022
1338,1338.jpeg,9029
1339,1339.jpeg,9001
1340,1340.jpeg,9046
1341,1341.jpeg,9028
1342,1342.jpeg,9044
1343,1343.jpeg,9039
1344,1344.jpeg,9091
1345,1345.jpeg,9064
1346,1346.jpeg,9075
1347,1347.jpeg,9074
1348,1348.jpeg,9021
1349,1349.jpeg,9055
1350,1350.jpeg,9002
1351,1351.jpeg,9010
1352,1352.jpeg,9041
1353,1353.jpeg,9080
1354,1354.jpeg,9031
1355,1355.jpeg,9011
1356,1356.jpeg,9030
1357,1357.jpeg,9023
1358,1358.jpeg,9093
1359,1359.jpeg,9087
1360,1360.jpeg,9071
1361,1361.jpeg,9058
1362,1362.jpeg,9036
1363,1363.jpeg,9020
1364,1364.jpeg,9027
1365,1365.jpeg,9057
1366,1366.jpeg,9050
1367,1367.jpeg,9041
1368,1368.jpeg,9097
1369,1369.jpeg,9017
1370,1370.jpeg,9004
1371,1371.jpeg,9016
1372,1372.jpeg,9047
1373,1373.jpeg,9025
1374,1374.jpeg,9049
1375,1375.jpeg,9067
1376,1376.jpeg,9074
1377,1377.jpeg,9017
1378,1378.jpeg,9085
1379,1379.jpeg,9062
1380,1380.jpeg,9096
1381,1381.jpeg,9030
1382,1382.jpeg,9022
1383,1383.jpeg,9077
1384,1384.jpeg,9099
1385,1385.jpeg,9001
1386,1386.jpeg,9031
1387,1387.jpeg,9005
1388,1388.jpeg,9082
1389,1389.jpeg,9012
1390,1390.jpeg,9068
1391,1391.jpeg,9091
1392,1392.jpeg,9084
1393,1393.jpeg,9038
1394,1394.jpeg,9024
1395,1395.jpeg,9032
1396,1396.jpeg,9071
1397,1397.jpeg,9075
1398,1398.jpeg,9054
1399,1399.jpeg,9010
1400,1400.jpeg,9089
1401,1401.jpeg,9090
1402,1402.jpeg,9037
1403,1403.jpeg,9063
1404,1404.jpeg,9042
1405,1405.jpeg,9080
1406,1406.jpeg,9015
1407,1407.jpeg,9093
1408,1408.jpeg,9034
1409,1409.jpeg,9016
1410,1410.jpeg,9002
1411,1411.jpeg,9070
1412,1412.jpeg,9095
1413,1413.jpeg,9100
1414,1414.jpeg,9053
1415,1415.jpeg,9049
1416,1416.jpeg,9025
1417,1417.jpeg,9087
1418,1418.jpeg,9039
1419,1419.jpeg,9051
1420,1420.jpeg,9043
1421,1421.jpeg,4272
1422,1422.jpeg,9202
1423,1423.jpeg,9244
1424,1424.jpeg,9242
1425,1425.jpeg,9220
1426,1426.jpeg,9240
1427,1427.jpeg,9218
1428,1428.jpeg,9259
1429,1429.jpeg,9217
1430,1430.jpeg,9258
1431,1431.jpeg,9247
1432,1432.jpeg,9232
1433,1433.jpeg,9286
1434,1434.jpeg,9217
1435,1435.jpeg,9289
1436,1436.jpeg,9264
1437,1437.jpeg,9224
1438,1438.jpeg,9222
1439,1439.jpeg,9221
1440,1440.jpeg,9274
1441,1441.jpeg,9262
1442,1442.jpeg,9276
1443,1443.jpeg,9209
1444,1444.jpeg,9287
1445,1445.jpeg,9267
1446,1446.jpeg,9213
1447,1447.jpeg,9269
1448,1448.jpeg,9300
1449,1449.jpeg,9240
1450,1450.jpeg,9279
1451,1451.jpeg,9252
1452,1452.jpeg,9230
1453,1453.jpeg,9237
1454,1454.jpeg,9241
1455,1455.jpeg,9299
1456,1456.jpeg,9235
1457,1457.jpeg,9383
1458,1458.jpeg,9212
1459,1459.jpeg,9272
1460,1460.jpeg,9206
1461,1461.jpeg,9255
1462,1462.jpeg,9258
1463,1463.jpeg,9280
1464,1464.jpeg,9286
1465,1465.jpeg,9214
1466,1466.jpeg,9203
1467,1467.jpeg,9204
1468,1468.jpeg,9295
1469,1469.jpeg,9297
1470,1470.jpeg,9259
1471,1471.jpeg,9250
1472,1472.jpeg,9208
1473,1473.jpeg,9205
1474,1474.jpeg,9221
1475,1475.jpeg,9296
1476,1476.jpeg,9247
1477,1477.jpeg,9298
1478,1478.jpeg,9292
1479,1479.jpeg,9256
1480,1480.jpeg,9246
1481,1481.jpeg,9225
1482,1482.jpeg,9233
1483,1483.jpeg,9248
1484,1484.jpeg,9271
1485,1485.jpeg,9218
1486,1486.jpeg,9220
1487,1487.jpeg,9287
1488,1488.jpeg,9276
1489,1489.jpeg,9232
1490,1490.jpeg,9260
1491,1491.jpeg,9229
1492,1492.jpeg,9231
1493,1493.jpeg,9237
1494,1494.jpeg,9289
1495,1495.jpeg,9239
1496,1496.jpeg,9267
1497,1497.jpeg,9240
1498,1498.jpeg,9253
1499,1499.jpeg,9227
1500,1500.jpeg,9241
1501,1501.jpeg,9282
1502,1502.jpeg,9288
1503,1503.jpeg,9202
1504,1504.jpeg,9232
1505,1505.jpeg,9235
1506,1506.jpeg,9245
1507,1507.jpeg,9209
1508,1508.jpeg,9269
1509,1509.jpeg,9212
1510,1510.jpeg,9278
1511,1511.jpeg,9213
1512,1512.jpeg,9224
1513,1513.jpeg,9300
1514,1514.jpeg,9262
1515,1515.jpeg,9265
1516,1516.jpeg,9246
1517,1517.jpeg,9238
1518,1518.jpeg,9223
1519,1519.jpeg,9299
1520,1520.jpeg,9272
1521,1521.jpeg,4171
1522,1522.jpeg,4120
1523,1523.jpeg,4404
1524,1524.jpeg,4135
1525,1525.jpeg,4138
1526,1526.jpeg,4151
1527,1527.jpeg,4122
1528,1528.jpeg,4134
1529,1529.jpeg,4173
1530,1530.jpeg,4179
1531,1531.jpeg,4174
1532,1532.jpeg,4139
1533,1533.jpeg,4158
1534,1534.jpeg,4103
1535,1535.jpeg,4176
1536,1536.jpeg,4173
1537,1537.jpeg,4132
1538,1538.jpeg,4140
1539,1539.jpeg,4118
1540,1540.jpeg,4170
1541,1541.jpeg,4108
1542,1542.jpeg,4180
1543,1543.jpeg,4166
1544,1544.jpeg,4120
1545,1545.jpeg,4121
1546,1546.jpeg,4111
1547,1547.jpeg,4129
1548,1548.jpeg,4140
1549,1549.jpeg,4117
1550,1550.jpeg,4121
1551,1551.jpeg,4126
1552,1552.jpeg,4110
1553,1553.jpeg,4174
1554,1554.jpeg,4118
1555,1555.jpeg,4158
1556,1556.jpeg,4157
1557,1557.jpeg,4136
1558,1558.jpeg,4122
1559,1559.jpeg,4155
1560,1560.jpeg,4179
1561,1561.jpeg,4173
1562,1562.jpeg,4111
1563,1563.jpeg,4127
1564,1564.jpeg,4174
1565,1565.jpeg,4138
1566,1566.jpeg,4122
1567,1567.jpeg,4155
1568,1568.jpeg,4153
1569,1569.jpeg,4106
1570,1570.jpeg,4134
1571,1571.jpeg,4139
1572,1572.jpeg,4162
1573,1573.jpeg,4166
1574,1574.jpeg,4120
1575,1575.jpeg,4159
1576,1576.jpeg,4124
1577,1577.jpeg,4178
1578,1578.jpeg,4117
1579,1579.jpeg,4180
1580,1580.jpeg,4132
1581,1581.jpeg,4143
1582,1582.jpeg,4166
1583,1583.jpeg,4122
1584,1584.jpeg,4140
1585,1585.jpeg,4120
1586,1586.jpeg,4111
1587,1587.jpeg,4138
1588,1588.jpeg,4158
1589,1589.jpeg,4177
1590,1590.jpeg,4117
1591,1591.jpeg,4162
1592,1592.jpeg,4179
1593,1593.jpeg,4118
1594,1594.jpeg,4126
1595,1595.jpeg,4178
1596,1596.jpeg,4173
1597,1597.jpeg,4161
1598,1598.jpeg,4113
1599,1599.jpeg,4129
1600,1600.jpeg,4139
1601,1601.jpeg,4132
1602,1602.jpeg,4139
1603,1603.jpeg,4140
1604,1604.jpeg,4161
1605,1605.jpeg,4121
1606,1606.jpeg,4155
1607,1607.jpeg,4106
1608,1608.jpeg,4129
1609,1609.jpeg,4107
1610,1610.jpeg,4104
1611,1611.jpeg,4117
1612,1612.jpeg,4158
1613,1613.jpeg,4127
1614,1614.jpeg,4179
1615,1615.jpeg,4134
1616,1616.jpeg,4113
1617,1617.jpeg,4135
1618,1618.jpeg,4124
1619,1619.jpeg,4159
1620,1620.jpeg,4136
1621,1621.jpeg,9764
1622,1622.jpeg,9742
1623,1623.jpeg,9771
1624,1624.jpeg,9728
1625,1625.jpeg,9783
1626,1626.jpeg,9765
1627,1627.jpeg,9710
1628,1628.jpeg,9717
1629,1629.jpeg,9760
1630,1630.jpeg,9729
1631,1631.jpeg,9722
1632,1632.jpeg,9773
1633,1633.jpeg,9746
1634,1634.jpeg,9763
1635,1635.jpeg,9784
1636,1636.jpeg,9762
1637,1637.jpeg,9792
1638,1638.jpeg,9739
1639,1639.jpeg,9798
1640,1640.jpeg,9794
1641,1641.jpeg,9738
1642,1642.jpeg,9749
1643,1643.jpeg,9722
1644,1644.jpeg,9721
1645,1645.jpeg,9718
1646,1646.jpeg,9795
1647,1647.jpeg,9778
1648,1648.jpeg,9791
1649,1649.jpeg,9736
1650,1650.jpeg,9776
1651,1651.jpeg,9707
1652,1652.jpeg,9780
1653,1653.jpeg,9778
1654,1654.jpeg,9745
1655,1655.jpeg,9759
1656,1656.jpeg,9762
1657,1657.jpeg,9734
1658,1658.jpeg,9706
1659,1659.jpeg,9799
1660,1660.jpeg,9730
1661,1661.jpeg,9747
1662,1662.jpeg,9718
1663,1663.jpeg,9791
1664,1664.jpeg,9717
1665,1665.jpeg,9773
1666,1666.jpeg,9742
1667,1667.jpeg,9786
1668,1668.jpeg,9784
1669,1669.jpeg,9728
1670,1670.jpeg,9730
1671,1671.jpeg,9749
1672,1672.jpeg,9792
1673,1673.jpeg,9708
1674,1674.jpeg,9798
1675,1675.jpeg,9765
1676,1676.jpeg,9770
1677,1677.jpeg,9799
1678,1678.jpeg,9794
1679,1679.jpeg,9725
1680,1680.jpeg,9729
1681,1681.jpeg,9724
1682,1682.jpeg,9760
1683,1683.jpeg,9739
1684,1684.jpeg,9729
1685,1685.jpeg,9728
1686,1686.jpeg,9765
1687,1687.jpeg,9792
1688,1688.jpeg,9722
1689,1689.jpeg,9706
1690,1690.jpeg,9759
1691,1691.jpeg,9742
1692,1692.jpeg,9707
1693,1693.jpeg,9798
1694,1694.jpeg,9776
1695,1695.jpeg,9721
1696,1696.jpeg,9797
1697,1697.jpeg,9764
1698,1698.jpeg,9780
1699,1699.jpeg,9747
1700,1700.jpeg,9794
1701,1701.jpeg,9051
1702,1702.jpeg,9042
1703,1703.jpeg,9054
1704,1704.jpeg,9095
1705,1705.jpeg,9017
1706,1706.jpeg,9048
1707,1707.jpeg,9038
1708,1708.jpeg,9094
1709,1709.jpeg,9070
1710,1710.jpeg,9014
1711,1711.jpeg,9090
1712,1712.jpeg,9100
1713,1713.jpeg,9053
1714,1714.jpeg,9045
1715,1715.jpeg,9099
1716,1716.jpeg,9089
1717,1717.jpeg,9022
1718,1718.jpeg,9029
1719,1719.jpeg,9001
1720,1720.jpeg,9046
1721,1721.jpeg,9028
1722,1722.jpeg,9044
1723,1723.jpeg,9039
1724,1724.jpeg,9091
1725,1725.jpeg,9064
1726,1726.jpeg,9075
1727,1727.jpeg,9074
1728,1728.jpeg,9021
1729,1729.jpeg,9055
1730,1730.jpeg,9002
1731,1731.jpeg,9010
1732,1732.jpeg,9041
1733,1733.jpeg,9080
1734,1734.jpeg,9031
1735,1735.jpeg,9011
1736,1736.jpeg,9030
1737,1737.jpeg,9023
1738,1738.jpeg,9093
1739,1739.jpeg,9087
1740,1740.jpeg,9071
1741,1741.jpeg,9058
1742,1742.jpeg,9036
1743,1743.jpeg,9020
1744,1744.jpeg,9027
1745,1745.jpeg,9057
1746,1746.jpeg,9050
1747,1747.jpeg,9041
1748,1748.jpeg,9097
1749,1749.jpeg,9017
1750,1750.jpeg,9004
1751,1751.jpeg,9016
1752,1752.jpeg,9047
1753,1753.jpeg,9025
1754,1754.jpeg,9049
1755,1755.jpeg,9067
1756,1756.jpeg,9074
1757,1757.jpeg,9017
1758,1758.jpeg,9085
1759,1759.jpeg,9062
1760,1760.jpeg,9096
1761,1761.jpeg,9030
1762,1762.jpeg,9022
1763,1763.jpeg,9077
1764,1764.jpeg,9099
1765,1765.jpeg,9001
1766,1766.jpeg,9031
1767,1767.jpeg,9005
1768,1768.jpeg,9082
1769,1769.jpeg,9012
1770,1770.jpeg,9068
1771,1771.jpeg,9091
1772,1772.jpeg,9084
1773,1773.jpeg,9038
1774,1774.jpeg,9024
1775,1775.jpeg,9032
1776,1776.jpeg,9071
1777,1777.jpeg,9075
1778,1778.jpeg,9054
1779,1779.jpeg,9010
1780,1780.jpeg,9089
1781,1781.jpeg,9090
1782,1782.jpeg,9037
1783,1783.jpeg,9063
1784,1784.jpeg,9042
1785,1785.jpeg,9080
1786,1786.jpeg,9015
1787,1787.jpeg,9093
1788,1788.jpeg,9034
1789,1789.jpeg,9016
1790,1790.jpeg,9002
1791,1791.jpeg,9070
1792,1792.jpeg,9095
1793,1793.jpeg,9100
1794,1794.jpeg,9053
1795,1795.jpeg,9049
1796,1796.jpeg,9025
1797,1797.jpeg,9087
1798,1798.jpeg,9039
1799,1799.jpeg,9051
1800,1800.jpeg,9043
1801,1801.jpeg,4272
1802,1802.jpeg,9202
1803,1803.jpeg,9244
1804,1804.jpeg,9242
1805,1805.jpeg,9220
1806,1806.jpeg,9240
1807,1807.jpeg,9218
1808,1808.jpeg,9259
1809,1809.jpeg,9217
1810,1810.jpeg,9258
1811,1811.jpeg,9247
1812,1812.jpeg,9232
1813,1813.jpeg,9286
1814,1814.jpeg,9217
1815,1815.jpeg,9289
1816,1816.jpeg,9264
1817,1817.jpeg,9224
1818,1818.jpeg,9222
1819,1819.jpeg,9221
1820,1820.jpeg,9274
1821,1821.jpeg,9262
1822,1822.jpeg,9276
1823,1823.jpeg,9209
1824,1824.jpeg,9287
1825,1825.jpeg,9267
1826,1826.jpeg,9213
1827,1827.jpeg,9269
1828,1828.jpeg,9300
1829,1829.jpeg,9240
1830,1830.jpeg,9279
1831,1831.jpeg,9252
1832,1832.jpeg,9230
1833,1833.jpeg,9237
1834,1834.jpeg,9241
1835,1835.jpeg,9299
1836,1836.jpeg,9235
1837,1837.jpeg,9383
1838,1838.jpeg,9212
1839,1839.jpeg,9272
1840,1840.jpeg,9206
1841,1841.jpeg,9255
1842,1842.jpeg,9258
1843,1843.jpeg,9280
1844,1844.jpeg,9286
1845,1845.jpeg,9214
1846,1846.jpeg,9203
1847,1847.jpeg,9204
1848,1848.jpeg,9295
1849,1849.jpeg,9297
1850,1850.jpeg,9259
1851,1851.jpeg,9250
1852,1852.jpeg,9208
1853,1853.jpeg,9205
1854,1854.jpeg,9221
1855,1855.jpeg,9296
1856,1856.jpeg,9247
1857,1857.jpeg,9298
1858,1858.jpeg,9292
1859,1859.jpeg,9256
1860,1860.jpeg,9246
1861,1861.jpeg,9225
1862,1862.jpeg,9233
1863,1863.jpeg,9248
1864,1864.jpeg,9271
1865,1865.jpeg,9218
1866,1866.jpeg,9220
1867,1867.jpeg,9287
1868,1868.jpeg,9276
1869,1869.jpeg,9232
1870,1870.jpeg,9260
1871,1871.jpeg,9229
1872,1872.jpeg,9231
1873,1873.jpeg,9237
1874,1874.jpeg,9289
1875,1875.jpeg,9239
1876,1876.jpeg,9267
1877,1877.jpeg,9240
1878,1878.jpeg,9253
1879,1879.jpeg,9227
1880,1880.jpeg,9241
1881,1881.jpeg,9282
1882,1882.jpeg,9288
1883,1883.jpeg,9202
1884,1884.jpeg,9232
1885,1885.jpeg,9235
1886,1886.jpeg,9245
1887,1887.jpeg,9209
1888,1888.jpeg,9269
1889,1889.jpeg,9212
1890,1890.jpeg,9278
1891,1891.jpeg,9213
1892,1892.jpeg,9224
1893,1893.jpeg,9300
1894,1894.jpeg,9262
1895,1895.jpeg,9265
1896,1896.jpeg,9246
1897,1897.jpeg,9238
1898,1898.jpeg,9223
1899,1899.jpeg,9299
1900,1900.jpeg,9272
1901,1901.jpeg,4171
1902,1902.jpeg,4120
1903,1903.jpeg,4404
1904,1904.jpeg,4135
1905,1905.jpeg,4138
1906,1906.jpeg,4151
1907,1907.jpeg,4122
1908,1908.jpeg,4134
1909,1909.jpeg,4173
1910,1910.jpeg,4179
1911,1911.jpeg,4174
1912,1912.jpeg,4139
1913,1913.jpeg,4158
1914,1914.jpeg,4103
1915,1915.jpeg,4176
1916,1916.jpeg,4173
1917,1917.jpeg,4132
1918,1918.jpeg,4140
1919,1919.jpeg,4118
1920,1920.jpeg,4170
1921,1921.jpeg,4108
1922,1922.jpeg,4180
1923,1923.jpeg,4166
1924,1924.jpeg,4120
1925,1925.jpeg,4121
1926,1926.jpeg,4111
1927,1927.jpeg,4129
1928,1928.jpeg,4140
1929,1929.jpeg,4117
1930,1930.jpeg,4121
1931,1931.jpeg,4126
1932,1932.jpeg,4110
1933,1933.jpeg,4174
1934,1934.jpeg,4118
1935,1935.jpeg,4158
1936,1936.jpeg,4157
1937,1937.jpeg,4136
1938,1938.jpeg,4122
1939,1939.jpeg,4155
1940,1940.jpeg,4179
1941,1941.jpeg,4173
1942,1942.jpeg,4111
1943,1943.jpeg,4127
1944,1944.jpeg,4174
1945,1945.jpeg,4138
1946,1946.jpeg,4122
1947,1947.jpeg,4155
1948,1948.jpeg,4153
1949,1949.jpeg,4106
1950,1950.jpeg,4134
1951,1951.jpeg,4139
1952,1952.jpeg,4162
1953,1953.jpeg,4166
1954,1954.jpeg,4120
1955,1955.jpeg,4159
1956,1956.jpeg,4124
1957,1957.jpeg,4178
1958,1958.jpeg,4117
1959,1959.jpeg,4180
1960,1960.jpeg,4132
1961,1961.jpeg,4143
1962,1962.jpeg,4166
1963,1963.jpeg,4122
1964,1964.jpeg,4140
1965,1965.jpeg,4120
1966,1966.jpeg,4111
1967,1967.jpeg,4138
1968,1968.jpeg,4158
1969,1969.jpeg,4177
1970,1970.jpeg,4117
1971,1971.jpeg,4162
1972,1972.jpeg,4179
1973,1973.jpeg,4118
1974,1974.jpeg,4126
1975,1975.jpeg,4178
1976,1976.jpeg,4173
1977,1977.jpeg,4161
1978,1978.jpeg,4113
1979,1979.jpeg,4129
1980,1980.jpeg,4139
1981,1981.jpeg,4132
1982,1982.jpeg,4139
1983,1983.jpeg,4140
1984,1984.jpeg,4161
1985,1985.jpeg,4121
1986,1986.jpeg,4155
1987,1987.jpeg,4106
1988,1988.jpeg,4129
1989,1989.jpeg,4107
1990,1990.jpeg,4104
1991,1991.jpeg,4117
1992,1992.jpeg,4158
1993,1993.jpeg,4127
1994,1994.jpeg,4179
1995,1995.jpeg,4134
1996,1996.jpeg,4113
1997,1997.jpeg,4135
1998,1998.jpeg,4124
1999,1999.jpeg,4159
2000,2000.jpeg,4136
2001,2001.jpeg,9764
2002,2002.jpeg,9742
2003,2003.jpeg,9771
2004,2004.jpeg,9728
2005,2005.jpeg,9783
2006,2006.jpeg,9765
2007,2007.jpeg,9710
2008,2008.jpeg,9717
2009,2009.jpeg,9760
2010,2010.jpeg,9729
2011,2011.jpeg,9722
2012,2012.jpeg,9773
2013,2013.jpeg,9746
2014,2014.jpeg,9763
2015,2015.jpeg,9784
2016,2016.jpeg,9762
2017,2017.jpeg,9792
2018,2018.jpeg,9739
2019,2019.jpeg,9798
2020,2020.jpeg,9794
2021,2021.jpeg,9738
2022,2022.jpeg,9749
2023,2023.jpeg,9722
2024,2024.jpeg,9721
2025,2025.jpeg,9718
2026,2026.jpeg,9795
2027,2027.jpeg,9778
2028,2028.jpeg,9791
2029,2029.jpeg,9736
2030,2030.jpeg,9776
2031,2031.jpeg,9707
2032,2032.jpeg,9780
2033,2033.jpeg,9778
2034,2034.jpeg,9745
2035,2035.jpeg,9759
2036,2036.jpeg,9762
2037,2037.jpeg,9734
2038,2038.jpeg,9706
2039,2039.jpeg,9799
2040,2040.jpeg,9730
2041,2041.jpeg,9747
2042,2042.jpeg,9718
2043,2043.jpeg,9791
2044,2044.jpeg,9717
2045,2045.jpeg,9773
2046,2046.jpeg,9742
2047,2047.jpeg,9786
2048,2048.jpeg,9784
2049,2049.jpeg,9728
2050,2050.jpeg,9730
2051,2051.jpeg,9749
2052,2052.jpeg,9792
2053,2053.jpeg,9708
2054,2054.jpeg,9798
2055,2055.jpeg,9765
2056,2056.jpeg,9770
2057,2057.jpeg,9799
2058,2058.jpeg,9794
2059,2059.jpeg,9725
2060,2060.jpeg,9729
2061,2061.jpeg,9724
2062,2062.jpeg,9760
2063,2063.jpeg,9739
2064,2064.jpeg,9729
2065,2065.jpeg,9728
2066,2066.jpeg,9765
2067,2067.jpeg,9792
2068,2068.jpeg,9722
2069,2069.jpeg,9706
2070,2070.jpeg,9759
2071,2071.jpeg,9742
2072,2072.jpeg,9707
2073,2073.jpeg,9798
2074,2074.jpeg,9776
2075,2075.jpeg,9721
2076,2076.jpeg,9797
2077,2077.jpeg,9764
2078,2078.jpeg,9780
2079,2079.jpeg,9747
2080,2080.jpeg,9794
2081,2081.jpeg,9051
2082,2082.jpeg,9042
2083,2083.jpeg,9054
2084,2084.jpeg,9095
2085,2085.jpeg,9017
2086,2086.jpeg,9048
2087,2087.jpeg,9038
2088,2088.jpeg,9094
2089,2089.jpeg,9070
2090,2090.jpeg,9014
2091,2091.jpeg,9090
2092,2092.jpeg,9100
2093,2093.jpeg,9053
2094,2094.jpeg,9045
2095,2095.jpeg,9099
2096,2096.jpeg,9089
2097,2097.jpeg,9022
2098,2098.jpeg,9029
2099,2099.jpeg,9001
2100,2100.jpeg,9046
2101,2101.jpeg,9028
2102,2102.jpeg,9044
2103,2103.jpeg,9039
2104,2104.jpeg,9091
2105,2105.jpeg,9064
2106,2106.jpeg,9075
2107,2107.jpeg,9074
2108,2108.jpeg,9021
2109,2109.jpeg,9055
2110,2110.jpeg,9002
2111,2111.jpeg,9010
2112,2112.jpeg,9041
2113,2113.jpeg,9080
2114,2114.jpeg,9031
2115,2115.jpeg,9011
2116,2116.jpeg,9030
2117,2117.jpeg,9023
2118,2118.jpeg,9093
2119,2119.jpeg,9087
2120,2120.jpeg,9071
2121,2121.jpeg,9058
2122,2122.jpeg,9036
2123,2123.jpeg,9020
2124,2124.jpeg,9027
2125,2125.jpeg,9057
2126,2126.jpeg,9050
2127,2127.jpeg,9041
2128,2128.jpeg,9097
2129,2129.jpeg,9017
2130,2130.jpeg,9004
2131,2131.jpeg,9016
2132,2132.jpeg,9047
2133,2133.jpeg,9025
2134,2134.jpeg,9049
2135,2135.jpeg,9067
2136,2136.jpeg,9074
2137,2137.jpeg,9017
2138,2138.jpeg,9085
2139,2139.jpeg,9062
2140,2140.jpeg,9096
2141,2141.jpeg,9030
2142,2142.jpeg,9022
2143,2143.jpeg,9077
2144,2144.jpeg,9099
2145,2145.jpeg,9001
2146,2146.jpeg,9031
2147,2147.jpeg,9005
2148,2148.jpeg,9082
2149,2149.jpeg,9012
2150,2150.jpeg,9068
2151,2151.jpeg,9091
2152,2152.jpeg,9084
2153,2153.jpeg,9038
2154,2154.jpeg,9024
2155,2155.jpeg,9032
2156,2156.jpeg,9071
2157,2157.jpeg,9075
2158,2158.jpeg,9054
2159,2159.jpeg,9010
2160,2160.jpeg,9089
2161,2161.jpeg,9090
2162,2162.jpeg,9037
2163,2163.jpeg,9063
2164,2164.jpeg,9042
2165,2165.jpeg,9080
2166,2166.jpeg,9015
2167,2167.jpeg,9093
2168,2168.jpeg,9034
2169,2169.jpeg,9016
2170,2170.jpeg,9002
2171,2171.jpeg,9070
2172,2172.jpeg,9095
2173,2173.jpeg,9100
2174,2174.jpeg,9053
2175,2175.jpeg,9049
2176,2176.jpeg,9025
2177,2177.jpeg,9087
2178,2178.jpeg,9039
2179,2179.jpeg,9051
2180,2180.jpeg,9043
2181,2181.jpeg,4272
2182,2182.jpeg,9202
2183,2183.jpeg,9244
2184,2184.jpeg,9242
2185,2185.jpeg,9220
2186,2186.jpeg,9240
2187,2187.jpeg,9218
2188,2188.jpeg,9259
2189,2189.jpeg,9217
2190,2190.jpeg,9258
2191,2191.jpeg,9247
2192,2192.jpeg,9232
2193,2193.jpeg,9286
2194,2194.jpeg,9217
2195,2195.jpeg,9289
2196,2196.jpeg,9264
2197,2197.jpeg,9224
2198,2198.jpeg,9222
2199,2199.jpeg,9221
2200,2200.jpeg,9274
2201,2201.jpeg,9262
2202,2202.jpeg,9276
2203,2203.jpeg,9209
2204,2204.jpeg,9287
2205,2205.jpeg,9267
2206,2206.jpeg,9213
2207,2207.jpeg,9269
2208,2208.jpeg,9300
2209,2209.jpeg,9240
2210,2210.jpeg,9279
2211,2211.jpeg,9252
2212,2212.jpeg,9230
2213,2213.jpeg,9237
2214,2214.jpeg,9241
2215,2215.jpeg,9299
2216,2216.jpeg,9235
2217,2217.jpeg,9383
2218,2218.jpeg,9212
2219,2219.jpeg,9272
2220,2220.jpeg,9206
2221,2221.jpeg,9255
2222,2222.jpeg,9258
2223,2223.jpeg,9280
2224,2224.jpeg,9286
2225,2225.jpeg,9214
2226,2226.jpeg,9203
2227,2227.jpeg,9204
2228,2228.jpeg,9295
2229,2229.jpeg,9297
2230,2230.jpeg,9259
2231,2231.jpeg,9250
2232,2232.jpeg,9208
2233,2233.jpeg,9205
2234,2234.jpeg,9221
2235,2235.jpeg,9296
2236,2236.jpeg,9247
2237,2237.jpeg,9298
2238,2238.jpeg,9292
2239,2239.jpeg,9256
2240,2240.jpeg,9246
2241,2241.jpeg,9225
2242,2242.jpeg,9233
2243,2243.jpeg,9248
2244,2244.jpeg,9271
2245,2245.jpeg,9218
2246,2246.jpeg,9220
2247,2247.jpeg,9287
2248,2248.jpeg,9276
2249,2249.jpeg,9232
2250,2250.jpeg,9260
2251,2251.jpeg,9229
2252,2252.jpeg,9231
2253,2253.jpeg,9237
2254,2254.jpeg,9289
2255,2255.jpeg,9239
2256,2256.jpeg,9267
2257,2257.jpeg,9240
2258,2258.jpeg,9253
2259,2259.jpeg,9227
2260,2260.jpeg,9241
2261,2261.jpeg,9282
2262,2262.jpeg,9288
2263,2263.jpeg,9202
2264,2264.jpeg,9232
2265,2265.jpeg,9235
2266,2266.jpeg,9245
2267,2267.jpeg,9209
2268,2268.jpeg,9269
2269,2269.jpeg,9212
2270,2270.jpeg,9278
2271,2271.jpeg,9213
2272,2272.jpeg,9224
2273,2273.jpeg,9300
2274,2274.jpeg,9262
2275,2275.jpeg,9265
2276,2276.jpeg,9246
2277,2277.jpeg,9238
2278,2278.jpeg,9223
2279,2279.jpeg,9299
2280,2280.jpeg,9272
2281,2281.jpeg,4171
2282,2282.jpeg,4120
2283,2283.jpeg,4404
2284,2284.jpeg,4135
2285,2285.jpeg,4138
2286,2286.jpeg,4151
2287,2287.jpeg,4122
2288,2288.jpeg,4134
2289,2289.jpeg,4173
2290,2290.jpeg,4179
2291,2291.jpeg,4174
2292,2292.jpeg,4139
2293,2293.jpeg,4158
2294,2294.jpeg,4103
2295,2295.jpeg,4176
2296,2296.jpeg,4173
2297,2297.jpeg,4132
2298,2298.jpeg,4140
2299,2299.jpeg,4118
2300,2300.jpeg,4170
2301,2301.jpeg,4108
2302,2302.jpeg,4180
2303,2303.jpeg,4166
2304,2304.jpeg,4120
2305,2305.jpeg,4121
2306,2306.jpeg,4111
2307,2307.jpeg,4129
2308,2308.jpeg,4140
2309,2309.jpeg,4117
2310,2310.jpeg,4121
2311,2311.jpeg,4126
2312,2312.jpeg,4110
2313,2313.jpeg,4174
2314,2314.jpeg,4118
2315,2315.jpeg,4158
2316,2316.jpeg,4157
2317,2317.jpeg,4136
2318,2318.jpeg,4122
2319,2319.jpeg,4155
2320,2320.jpeg,4179
2321,2321.jpeg,4173
2322,2322.jpeg,4111
2323,2323.jpeg,4127
2324,2324.jpeg,4174
2325,2325.jpeg,4138
2326,2326.jpeg,4122
2327,2327.jpeg,4155
2328,2328.jpeg,4153
2329,2329.jpeg,4106
2330,2330.jpeg,4134
2331,2331.jpeg,4139
2332,2332.jpeg,4162
2333,2333.jpeg,4166
2334,2334.jpeg,4120
2335,2335.jpeg,4159
2336,2336.jpeg,4124
2337,2337.jpeg,4178
2338,2338.jpeg,4117
2339,2339.jpeg,4180
2340,2340.jpeg,4132
2341,2341.jpeg,4143
2342,2342.jpeg,4166
2343,2343.jpeg,4122
2344,2344.jpeg,4140
2345,2345.jpeg,4120
2346,2346.jpeg,4111
2347,2347.jpeg,4138
2348,2348.jpeg,4158
2349,2349.jpeg,4177
2350,2350.jpeg,4117
2351,2351.jpeg,4162
2352,2352.jpeg,4179
2353,2353.jpeg,4118
2354,2354.jpeg,4126
2355,2355.jpeg,4178
2356,2356.jpeg,4173
2357,2357.jpeg,4161
2358,2358.jpeg,4113
2359,2359.jpeg,4129
2360,2360.jpeg,4139
2361,2361.jpeg,4132
2362,2362.jpeg,4139
2363,2363.jpeg,4140
2364,2364.jpeg,4161
2365,2365.jpeg,4121
2366,2366.jpeg,4155
2367,2367.jpeg,4106
2368,2368.jpeg,4129
2369,2369.jpeg,4107
2370,2370.jpeg,4104
2371,2371.jpeg,4117
2372,2372.jpeg,4158
2373,2373.jpeg,4127
2374,2374.jpeg,4179
2375,2375.jpeg,4134
2376,2376.jpeg,4113
2377,2377.jpeg,4135
2378,2378.jpeg,4124
2379,2379.jpeg,4159
2380,2380.jpeg,4136
2381,2381.jpeg,9764
2382,2382.jpeg,9742
2383,2383.jpeg,9771
2384,2384.jpeg,9728
2385,2385.jpeg,9783
2386,2386.jpeg,9765
2387,2387.jpeg,9710
2388,2388.jpeg,9717
2389,2389.jpeg,9760
2390,2390.jpeg,9729
2391,2391.jpeg,9722
2392,2392.jpeg,9773
2393,2393.jpeg,9746
2394,2394.jpeg,9763
2395,2395.jpeg,9784
2396,2396.jpeg,9762
2397,2397.jpeg,9792
2398,2398.jpeg,9739
2399,2399.jpeg,9798
2400,2400.jpeg,9794
2401,2401.jpeg,9738
2402,2402.jpeg,9749
2403,2403.jpeg,9722
2404,2404.jpeg,9721
2405,2405.jpeg,9718
2406,2406.jpeg,9795
2407,2407.jpeg,9778
2408,2408.jpeg,9791
2409,2409.jpeg,9736
2410,2410.jpeg,9776
2411,2411.jpeg,9707
2412,2412.jpeg,9780
2413,2413.jpeg,9778
2414,2414.jpeg,9745
2415,2415.jpeg,9759
2416,2416.jpeg,9762
2417,2417.jpeg,9734
2418,2418.jpeg,9706
2419,2419.jpeg,9799
2420,2420.jpeg,9730
2421,2421.jpeg,9747
2422,2422.jpeg,9718
2423,2423.jpeg,9791
2424,2424.jpeg,9717
2425,2425.jpeg,9773
2426,2426.jpeg,9742
2427,2427.jpeg,9786
2428,2428.jpeg,9784
2429,2429.jpeg,9728
2430,2430.jpeg,9730
2431,2431.jpeg,9749
2432,2432.jpeg,9792
2433,2433.jpeg,9708
2434,2434.jpeg,9798
2435,2435.jpeg,9765
2436,2436.jpeg,9770
2437,2437.jpeg,9799
2438,2438.jpeg,9794
2439,2439.jpeg,9725
2440,2440.jpeg,9729
2441,2441.jpeg,9724
2442,2442.jpeg,9760
2443,2443.jpeg,9739
2444,2444.jpeg,9729
2445,2445.jpeg,9728
2446,2446.jpeg,9765
2447,2447.jpeg,9792
2448,2448.jpeg,9722
2449,2449.jpeg,9706
2450,2450.jpeg,9759
2451,2451.jpeg,9742
2452,2452.jpeg,9707
2453,2453.jpeg,9798
2454,2454.jpeg,9776
2455,2455.jpeg,9721
2456,2456.jpeg,9797
2457,2457.jpeg,9764
2458,2458.jpeg,9780
2459,2459.jpeg,9747
2460,2460.jpeg,9794
2461,2461.jpeg,9051
2462,2462.jpeg,9042
2463,2463.jpeg,9054
2464,2464.jpeg,9095
2465,2465.jpeg,9017
2466,2466.jpeg,9048
2467,2467.jpeg,9038
2468,2468.jpeg,9094
2469,2469.jpeg,9070
2470,2470.jpeg,9014
2471,2471.jpeg,9090
2472,2472.jpeg,9100
2473,2473.jpeg,9053
2474,2474.jpeg,9045
2475,2475.jpeg,9099
2476,2476.jpeg,9089
2477,2477.jpeg,9022
2478,2478.jpeg,9029
2479,2479.jpeg,9001
2480,2480.jpeg,9046
2481,2481.jpeg,9028
2482,2482.jpeg,9044
2483,2483.jpeg,9039
2484,2484.jpeg,9091
2485,2485.jpeg,9064
2486,2486.jpeg,9075
2487,2487.jpeg,9074
2488,2488.jpeg,9021
2489,2489.jpeg,9055
2490,2490.jpeg,9002
2491,2491.jpeg,9010
2492,2492.jpeg,9041
2493,2493.jpeg,9080
2494,2494.jpeg,9031
2495,2495.jpeg,9011
2496,2496.jpeg,9030
2497,2497.jpeg,9023
2498,2498.jpeg,9093
2499,2499.jpeg,9087
2500,2500.jpeg,9071
2501,2501.jpeg,9058
2502,2502.jpeg,9036
2503,2503.jpeg,9020
2504,2504.jpeg,9027
2505,2505.jpeg,9057
2506,2506.jpeg,9050
2507,2507.jpeg,9041
2508,2508.jpeg,9097
2509,2509.jpeg,9017
2510,2510.jpeg,9004
2511,2511.jpeg,9016
2512,2512.jpeg,9047
2513,2513.jpeg,9025
2514,2514.jpeg,9049
2515,2515.jpeg,9067
2516,2516.jpeg,9074
2517,2517.jpeg,9017
2518,2518.jpeg,9085
2519,2519.jpeg,9062
2520,2520.jpeg,9096
2521,2521.jpeg,9030
2522,2522.jpeg,9022
2523,2523.jpeg,9077
2524,2524.jpeg,9099
2525,2525.jpeg,9001
2526,2526.jpeg,9031
2527,2527.jpeg,9005
2528,2528.jpeg,9082
2529,2529.jpeg,9012
2530,2530.jpeg,9068
2531,2531.jpeg,9091
2532,2532.jpeg,9084
2533,2533.jpeg,9038
2534,2534.jpeg,9024
2535,2535.jpeg,9032
2536,2536.jpeg,9071
2537,2537.jpeg,9075
2538,2538.jpeg,9054
2539,2539.jpeg,9010
2540,2540.jpeg,9089
2541,2541.jpeg,9090
2542,2542.jpeg,9037
2543,2543.jpeg,9063
2544,2544.jpeg,9042
2545,2545.jpeg,9080
2546,2546.jpeg,9015
2547,2547.jpeg,9093
2548,2548.jpeg,9034
2549,2549.jpeg,9016
2550,2550.jpeg,9002
2551,2551.jpeg,9070
2552,2552.jpeg,9095
2553,2553.jpeg,9100
2554,2554.jpeg,9053
2555,2555.jpeg,9049
2556,2556.jpeg,9025
2557,2557.jpeg,9087
2558,2558.jpeg,9039
2559,2559.jpeg,9051
2560,2560.jpeg,9043
2561,2561.jpeg,4272
2562,2562.jpeg,9202
2563,2563.jpeg,9244
2564,2564.jpeg,9242
2565,2565.jpeg,9220
2566,2566.jpeg,9240
2567,2567.jpeg,9218
2568,2568.jpeg,9259
2569,2569.jpeg,9217
2570,2570.jpeg,9258
2571,2571.jpeg,9247
2572,2572.jpeg,9232
2573,2573.jpeg,9286
2574,2574.jpeg,9217
2575,2575.jpeg,9289
2576,2576.jpeg,9264
2577,2577.jpeg,9224
2578,2578.jpeg,9222
2579,2579.jpeg,9221
2580,2580.jpeg,9274
2581,2581.jpeg,9262
2582,2582.jpeg,9276
2583,2583.jpeg,9209
2584,2584.jpeg,9287
2585,2585.jpeg,9267
2586,2586.jpeg,9213
2587,2587.jpeg,9269
2588,2588.jpeg,9300
2589,2589.jpeg,9240
2590,2590.jpeg,9279
2591,2591.jpeg,9252
2592,2592.jpeg,9230
2593,2593.jpeg,9237
2594,2594.jpeg,9241
2595,2595.jpeg,9299
2596,2596.jpeg,9235
2597,2597.jpeg,9383
2598,2598.jpeg,9212
2599,2599.jpeg,9272
2600,2600.jpeg,9206
2601,2601.jpeg,9255
2602,2602.jpeg,9258
2603,2603.jpeg,9280
2604,2604.jpeg,9286
2605,2605.jpeg,9214
2606,2606.jpeg,9203
2607,2607.jpeg,9204
2608,2608.jpeg,9295
2609,2609.jpeg,9297
2610,2610.jpeg,9259
2611,2611.jpeg,9250
2612,2612.jpeg,9208
2613,2613.jpeg,9205
2614,2614.jpeg,9221
2615,2615.jpeg,9296
2616,2616.jpeg,9247
2617,2617.jpeg,9298
2618,2618.jpeg,9292
2619,2619.jpeg,9256
2620,2620.jpeg,9246
2621,2621.jpeg,9225
2622,2622.jpeg,9233
2623,2623.jpeg,9248
2624,2624.jpeg,9271
2625,2625.jpeg,9218
2626,2626.jpeg,9220
2627,2627.jpeg,9287
2628,2628.jpeg,9276
2629,2629.jpeg,9232
2630,2630.jpeg,9260
2631,2631.jpeg,9229
2632,2632.jpeg,9231
2633,2633.jpeg,9237
2634,2634.jpeg,9289
2635,2635.jpeg,9239
2636,2636.jpeg,9267
2637,2637.jpeg,9240
2638,2638.jpeg,9253
2639,2639.jpeg,9227
2640,2640.jpeg,9241
2641,2641.jpeg,9282
2642,2642.jpeg,9288
2643,2643.jpeg,9202
2644,2644.jpeg,9232
2645,2645.jpeg,9235
2646,2646.jpeg,9245
2647,2647.jpeg,9209
2648,2648.jpeg,9269
2649,2649.jpeg,9212
2650,2650.jpeg,9278
2651,2651.jpeg,9213
2652,2652.jpeg,9224
2653,2653.jpeg,9300
2654,2654.jpeg,9262
2655,2655.jpeg,9265
2656,2656.jpeg,9246
2657,2657.jpeg,9238
2658,2658.jpeg,9223
2659,2659.jpeg,9299
2660,2660.jpeg,9272
2661,2661.jpeg,4171
2662,2662.jpeg,4120
2663,2663.jpeg,4404
2664,2664.jpeg,4135
2665,2665.jpeg,4138
2666,2666.jpeg,4151
2667,2667.jpeg,4122
2668,2668.jpeg,4134
2669,2669.jpeg,4173
2670,2670.jpeg,4179
2671,2671.jpeg,4174
2672,2672.jpeg,4139
2673,2673.jpeg,4158
2674,2674.jpeg,4103
2675,2675.jpeg,4176
2676,2676.jpeg,4173
2677,2677.jpeg,4132
2678,2678.jpeg,4140
2679,2679.jpeg,4118
2680,2680.jpeg,4170
2681,2681.jpeg,4108
2682,2682.jpeg,4180
2683,2683.jpeg,4166
2684,2684.jpeg,4120
2685,2685.jpeg,4121
2686,2686.jpeg,4111
2687,2687.jpeg,4129
2688,2688.jpeg,4140
2689,2689.jpeg,4117
2690,2690.jpeg,4121
2691,2691.jpeg,4126
2692,2692.jpeg,4110
2693,2693.jpeg,4174
2694,2694.jpeg,4118
2695,2695.jpeg,4158
2696,2696.jpeg,4157
2697,2697.jpeg,4136
2698,2698.jpeg,4122
2699,2699.jpeg,4155
2700,2700.jpeg,4179
2701,2701.jpeg,4173
2702,2702.jpeg,4111
2703,2703.jpeg,4127
2704,2704.jpeg,4174
2705,2705.jpeg,4138
2706,2706.jpeg,4122
2707,2707.jpeg,4155
2708,2708.jpeg,4153
2709,2709.jpeg,4106
2710,2710.jpeg,4134
2711,2711.jpeg,4139
2712,2712.jpeg,4162
2713,2713.jpeg,4166
2714,2714.jpeg,4120
2715,2715.jpeg,4159
2716,2716.jpeg,4124
2717,2717.jpeg,4178
2718,2718.jpeg,4117
2719,2719.jpeg,4180
2720,2720.jpeg,4132
2721,2721.jpeg,4143
2722,2722.jpeg,4166
2723,2723.jpeg,4122
2724,2724.jpeg,4140
2725,2725.jpeg,4120
2726,2726.jpeg,4111
2727,2727.jpeg,4138
2728,2728.jpeg,4158
2729,2729.jpeg,4177
2730,2730.jpeg,4117
2731,2731.jpeg,4162
2732,2732.jpeg,4179
2733,2733.jpeg,4118
2734,2734.jpeg,4126
2735,2735.jpeg,4178
2736,2736.jpeg,4173
2737,2737.jpeg,4161
2738,2738.jpeg,4113
2739,2739.jpeg,4129
2740,2740.jpeg,4139
2741,2741.jpeg,4132
2742,2742.jpeg,4139
2743,2743.jpeg,4140
2744,2744.jpeg,4161
2745,2745.jpeg,4121
2746,2746.jpeg,4155
2747,2747.jpeg,4106
2748,2748.jpeg,4129
2749,2749.jpeg,4107
2750,2750.jpeg,4104
2751,2751.jpeg,4117
2752,2752.jpeg,4158
2753,2753.jpeg,4127
2754,2754.jpeg,4179
2755,2755.jpeg,4134
2756,2756.jpeg,4113
2757,2757.jpeg,4135
2758,2758.jpeg,4124
2759,2759.jpeg,4159
2760,2760.jpeg,4136
2761,2761.jpeg,9764
2762,2762.jpeg,9742
2763,2763.jpeg,9771
2764,2764.jpeg,9728
2765,2765.jpeg,9783
2766,2766.jpeg,9765
2767,2767.jpeg,9710
2768,2768.jpeg,9717
2769,2769.jpeg,9760
2770,2770.jpeg,9729
2771,2771.jpeg,9722
2772,2772.jpeg,9773
2773,2773.jpeg,9746
2774,2774.jpeg,9763
2775,2775.jpeg,9784
2776,2776.jpeg,9762
2777,2777.jpeg,9792
2778,2778.jpeg,9739
2779,2779.jpeg,9798
2780,2780.jpeg,9794
2781,2781.jpeg,9738
2782,2782.jpeg,9749
2783,2783.jpeg,9722
2784,2784.jpeg,9721
2785,2785.jpeg,9718
2786,2786.jpeg,9795
2787,2787.jpeg,9778
2788,2788.jpeg,9791
2789,2789.jpeg,9736
2790,2790.jpeg,9776
2791,2791.jpeg,9707
2792,2792.jpeg,9780
2793,2793.jpeg,9778
2794,2794.jpeg,9745
2795,2795.jpeg,9759
2796,2796.jpeg,9762
2797,2797.jpeg,9734
2798,2798.jpeg,9706
2799,2799.jpeg,9799
2800,2800.jpeg,9730
2801,2801.jpeg,9747
2802,2802.jpeg,9718
2803,2803.jpeg,9791
2804,2804.jpeg,9717
2805,2805.jpeg,9773
2806,2806.jpeg,9742
2807,2807.jpeg,9786
2808,2808.jpeg,9784
2809,2809.jpeg,9728
2810,2810.jpeg,9730
2811,2811.jpeg,9749
2812,2812.jpeg,9792
2813,2813.jpeg,9708
2814,2814.jpeg,9798
2815,2815.jpeg,9765
2816,2816.jpeg,9770
2817,2817.jpeg,9799
2818,2818.jpeg,9794
2819,2819.jpeg,9725
2820,2820.jpeg,9729
2821,2821.jpeg,9724
2822,2822.jpeg,9760
2823,2823.jpeg,9739
2824,2824.jpeg,9729
2825,2825.jpeg,9728
2826,2826.jpeg,9765
2827,2827.jpeg,9792
2828,2828.jpeg,9722
2829,2829.jpeg,9706
2830,2830.jpeg,9759
2831,2831.jpeg,9742
2832,2832.jpeg,9707
2833,2833.jpeg,9798
2834,2834.jpeg,9776
2835,2835.jpeg,9721
2836,2836.jpeg,9797
2837,2837.jpeg,9764
2838,2838.jpeg,9780
2839,2839.jpeg,9747
2840,2840.jpeg,9794
2841,2841.jpeg,9051
2842,2842.jpeg,9042
2843,2843.jpeg,9054
2844,2844.jpeg,9095
2845,2845.jpeg,9017
2846,2846.jpeg,9048
2847,2847.jpeg,9038
2848,2848.jpeg,9094
2849,2849.jpeg,9070
2850,2850.jpeg,9014
2851,2851.jpeg,9090
2852,2852.jpeg,9100
2853,2853.jpeg,9053
2854,2854.jpeg,9045
2855,2855.jpeg,9099
2856,2856.jpeg,9089
2857,2857.jpeg,9022
2858,2858.jpeg,9029
2859,2859.jpeg,9001
2860,2860.jpeg,9046
2861,2861.jpeg,9028
2862,2862.jpeg,9044
2863,2863.jpeg,9039
2864,2864.jpeg,9091
2865,2865.jpeg,9064
2866,2866.jpeg,9075
2867,2867.jpeg,9074
2868,2868.jpeg,9021
2869,2869.jpeg,9055
2870,2870.jpeg,9002
2871,2871.jpeg,9010
2872,2872.jpeg,9041
2873,2873.jpeg,9080
2874,2874.jpeg,9031
2875,2875.jpeg,9011
2876,2876.jpeg,9030
2877,2877.jpeg,9023
2878,2878.jpeg,9093
2879,2879.jpeg,9087
2880,2880.jpeg,9071
2881,2881.jpeg,9058
2882,2882.jpeg,9036
2883,2883.jpeg,9020
2884,2884.jpeg,9027
2885,2885.jpeg,9057
2886,2886.jpeg,9050
2887,2887.jpeg,9041
2888,2888.jpeg,9097
2889,2889.jpeg,9017
2890,2890.jpeg,9004
2891,2891.jpeg,9016
2892,2892.jpeg,9047
2893,2893.jpeg,9025
2894,2894.jpeg,9049
2895,2895.jpeg,9067
2896,2896.jpeg,9074
2897,2897.jpeg,9017
2898,2898.jpeg,9085
2899,2899.jpeg,9062
2900,2900.jpeg,9096
2901,2901.jpeg,9030
2902,2902.jpeg,9022
2903,2903.jpeg,9077
2904,2904.jpeg,9099
2905,2905.jpeg,9001
2906,2906.jpeg,9031
2907,2907.jpeg,9005
2908,2908.jpeg,9082
2909,2909.jpeg,9012
2910,2910.jpeg,9068
2911,2911.jpeg,9091
2912,2912.jpeg,9084
2913,2913.jpeg,9038
2914,2914.jpeg,9024
2915,2915.jpeg,9032
2916,2916.jpeg,9071
2917,2917.jpeg,9075
2918,2918.jpeg,9054
2919,2919.jpeg,9010
2920,2920.jpeg,9089
2921,2921.jpeg,9090
2922,2922.jpeg,9037
2923,2923.jpeg,9063
2924,2924.jpeg,9042
2925,2925.jpeg,9080
2926,2926.jpeg,9015
2927,2927.jpeg,9093
2928,2928.jpeg,9034
2929,2929.jpeg,9016
2930,2930.jpeg,9002
2931,2931.jpeg,9070
2932,2932.jpeg,9095
2933,2933.jpeg,9100
2934,2934.jpeg,9053
2935,2935.jpeg,9049
2936,2936.jpeg,9025
2937,2937.jpeg,9087
2938,2938.jpeg,9039
2939,2939.jpeg,9051
2940,2940.jpeg,9043
2941,2941.jpeg,4272
2942,2942.jpeg,9202
2943,2943.jpeg,9244
2944,2944.jpeg,9242
2945,2945.jpeg,9220
2946,2946.jpeg,9240
2947,2947.jpeg,9218
2948,2948.jpeg,9259
2949,2949.jpeg,9217
2950,2950.jpeg,9258
2951,2951.jpeg,9247
2952,2952.jpeg,9232
2953,2953.jpeg,9286
2954,2954.jpeg,9217
2955,2955.jpeg,9289
2956,2956.jpeg,9264
2957,2957.jpeg,9224
2958,2958.jpeg,9222
2959,2959.jpeg,9221
2960,2960.jpeg,9274
2961,2961.jpeg,9262
2962,2962.jpeg,9276
2963,2963.jpeg,9209
2964,2964.jpeg,9287
2965,2965.jpeg,9267
2966,2966.jpeg,9213
2967,2967.jpeg,9269
2968,2968.jpeg,9300
2969,2969.jpeg,9240
2970,2970.jpeg,9279
2971,2971.jpeg,9252
2972,2972.jpeg,9230
2973,2973.jpeg,9237
2974,2974.jpeg,9241
2975,2975.jpeg,9299
2976,2976.jpeg,9235
2977,2977.jpeg,9383
2978,2978.jpeg,9212
2979,2979.jpeg,9272
2980,2980.jpeg,9206
2981,2981.jpeg,9255
2982,2982.jpeg,9258
2983,2983.jpeg,9280
2984,2984.jpeg,9286
2985,2985.jpeg,9214
2986,2986.jpeg,9203
2987,2987.jpeg,9204
2988,2988.jpeg,9295
2989,2989.jpeg,9297
2990,2990.jpeg,9259
2991,2991.jpeg,9250
2992,2992.jpeg,9208
2993,2993.jpeg,9205
2994,2994.jpeg,9221
2995,2995.jpeg,9296
2996,2996.jpeg,9247
2997,2997.jpeg,9298
2998,2998.jpeg,9292
2999,2999.jpeg,9256
3000,3000.jpeg,9246
3001,3001.jpeg,9225
3002,3002.jpeg,9233
3003,3003.jpeg,9248
3004,3004.jpeg,9271
3005,3005.jpeg,9218
3006,3006.jpeg,9220
3007,3007.jpeg,9287
3008,3008.jpeg,9276
3009,3009.jpeg,9232
3010,3010.jpeg,9260
3011,3011.jpeg,9229
3012,3012.jpeg,9231
3013,3013.jpeg,9237
3014,3014.jpeg,9289
3015,3015.jpeg,9239
3016,3016.jpeg,9267
3017,3017.jpeg,9240
3018,3018.jpeg,9253
3019,3019.jpeg,9227
3020,3020.jpeg,9241
3021,3021.jpeg,9282
3022,3022.jpeg,9288
3023,3023.jpeg,9202
3024,3024.jpeg,9232
3025,3025.jpeg,9235
3026,3026.jpeg,9245
3027,3027.jpeg,9209
3028,3028.jpeg,9269
3029,3029.jpeg,9212
3030,3030.jpeg,9278
3031,3031.jpeg,9213
3032,3032.jpeg,9224
3033,3033.jpeg,9300
3034,3034.jpeg,9262
3035,3035.jpeg,9265
3036,3036.jpeg,9246
3037,3037.jpeg,9238
3038,3038.jpeg,9223
3039,3039.jpeg,9299
3040,3040.jpeg,9272
